tweet_id,dog_breed
666020888022790149,Welsh_springer_spaniel
666029285002620928,Redbone
666033412701032449,German_shepherd
666044226329800704,Rhodesian_ridgeback
666049248165822465,Miniature_pinscher
666050758794694657,Bernese_mountain_dog
666055525042405380,Chow
666057090499244032,Golden_retriever
666058600524156928,Miniature_poodle
666063827256086533,Golden_retriever
666071193221509120,Gordon_setter
666073100786774016,Walker_hound
666082916733198337,Pug
666094000022159362,Bloodhound
666099513787052032,Lhasa
666102155909144576,English_setter
666273097616637952,Italian_greyhound
666287406224695296,Maltese_dog
666337882303524864,Newfoundland
666345417576210432,Golden_retriever
666353288456101888,Malamute
666373753744588802,Soft-coated_wheaten_terrier
666396247373291520,Chihuahua
666407126856765440,Black-and-tan_coonhound
666418789513326592,Toy_terrier
666421158376562688,Blenheim_spaniel
666428276349472768,Pembroke
666430724426358785,Irish_terrier
666435652385423360,Chesapeake_bay_retriever
666437273139982337,Chihuahua
666447344410484738,Curly-coated_retriever
666454714377183233,Dalmatian
666644823164719104,Ibizan_hound
666649482315059201,Border_collie
666691418707132416,German_shepherd
666701168228331520,Labrador_retriever
666739327293083650,Miniature_poodle
666776908487630848,Miniature_pinscher
666781792255496192,Italian_greyhound
666804364988780544,English_setter
666817836334096384,Miniature_schnauzer
666826780179869698,Maltese_dog
666835007768551424,Airedale
666996132027977728,Rottweiler
667044094246576128,Golden_retriever
667062181243039745,Chesapeake_bay_retriever
667073648344346624,Chihuahua
667090893657276420,Chihuahua
667119796878725120,Pembroke
667138269671505920,West_highland_white_terrier
667152164079423490,Toy_poodle
667160273090932737,Golden_retriever
667165590075940865,Miniature_pinscher
667171260800061440,Giant_schnauzer
667174963120574464,Toy_poodle
667176164155375616,Soft-coated_wheaten_terrier
667177989038297088,Vizsla
667182792070062081,Golden_retriever
667192066997374976,Rottweiler
667200525029539841,Siberian_husky
667211855547486208,Golden_retriever
667393430834667520,Papillon
667405339315146752,Saint_bernard
667435689202614272,Rottweiler
667453023279554560,Labrador_retriever
667455448082227200,Tibetan_terrier
667470559035432960,Toy_poodle
667491009379606528,Borzoi
667495797102141441,Chihuahua
667502640335572993,Labrador_retriever
667509364010450944,Beagle
667517642048163840,Italian_greyhound
667524857454854144,Chesapeake_bay_retriever
667530908589760512,Golden_retriever
667534815156183040,Pembroke
667538891197542400,Yorkshire_terrier
667544320556335104,Pomeranian
667546741521195010,Toy_poodle
667550904950915073,Vizsla
667728196545200128,Kuvasz
667773195014021121,West_highland_white_terrier
667793409583771648,Dalmatian
667801013445750784,Flat-coated_retriever
667806454573760512,Chihuahua
667832474953625600,Miniature_pinscher
667861340749471744,Malamute
667878741721415682,Miniature_pinscher
667885044254572545,Malamute
667886921285246976,Pomeranian
667902449697558528,Norwegian_elkhound
667915453470232577,Boxer
667924896115245057,Labrador_retriever
668113020489474048,Pembroke
668171859951755264,Chihuahua
668190681446379520,Blenheim_spaniel
668204964695683073,Labrador_retriever
668221241640230912,Chow
668237644992782336,Chow
668248472370458624,Chihuahua
668256321989451776,Pembroke
668268907921326080,Pembroke
668274247790391296,Soft-coated_wheaten_terrier
668286279830867968,Golden_retriever
668297328638447616,Eskimo_dog
668480044826800133,Labrador_retriever
668484198282485761,Standard_poodle
668496999348633600,Staffordshire_bullterrier
668507509523615744,Basenji
668528771708952576,Labrador_retriever
668537837512433665,Lakeland_terrier
668542336805281792,American_staffordshire_terrier
668567822092664832,Shih-tzu
668623201287675904,Chihuahua
668625577880875008,Groenendael
668627278264475648,French_bulldog
668631377374486528,Miniature_schnauzer
668633411083464705,Pekinese
668636665813057536,Komondor
668641109086707712,Pug
668655139528511488,Beagle
668779399630725120,Chesapeake_bay_retriever
668815180734689280,Redbone
668826086256599040,Malinois
668852170888998912,Golden_retriever
668872652652679168,Miniature_schnauzer
668892474547511297,Kelpie
668902994700836864,Brittany_spaniel
668932921458302977,Standard_poodle
668955713004314625,Cocker_spaniel
668960084974809088,Chesapeake_bay_retriever
668975677807423489,Basset
668979806671884288,Golden_retriever
668986018524233728,Chihuahua
668989615043424256,Pug
668994913074286592,English_springer
669000397445533696,Pembroke
669006782128353280,Chihuahua
669037058363662336,Chihuahua
669203728096960512,Pug
669216679721873412,Golden_retriever
669324657376567296,Cardigan
669327207240699904,Golden_retriever
669328503091937280,Siberian_husky
669353438988365824,Pembroke
669354382627049472,Chihuahua
669359674819481600,Labrador_retriever
669363888236994561,Golden_retriever
669367896104181761,Basset
669371483794317312,Brabancon_griffon
669375718304980992,Airedale
669393256313184256,Cocker_spaniel
669564461267722241,Toy_poodle
669567591774625800,Chihuahua
669573570759163904,West_highland_white_terrier
669597912108789760,Eskimo_dog
669603084620980224,Maltese_dog
669625907762618368,Golden_retriever
669680153564442624,Dalmatian
669683899023405056,Pomeranian
669753178989142016,Pembroke
669926384437997569,Pomeranian
669942763794931712,Vizsla
669970042633789440,Miniature_pinscher
669993076832759809,Toy_poodle
670003130994700288,Beagle
670040295598354432,Borzoi
670046952931721218,Blenheim_spaniel
670061506722140161,Italian_greyhound
670073503555706880,Malamute
670086499208155136,German_short-haired_pointer
670093938074779648,Toy_poodle
670290420111441920,Chihuahua
670303360680108032,Shetland_sheepdog
670319130621435904,Irish_terrier
670338931251150849,Cairn
670374371102445568,English_springer
670385711116361728,Whippet
670403879788544000,Pug
670411370698022913,Maltese_dog
670421925039075328,Chihuahua
670427002554466305,Toy_terrier
670428280563085312,Chow
670433248821026816,Giant_schnauzer
670434127938719744,Chesapeake_bay_retriever
670435821946826752,Basenji
670442337873600512,Sussex_spaniel
670444955656130560,English_springer
670452855871037440,Malamute
670676092097810432,Dandie_dinmont
670679630144274432,Ibizan_hound
670691627984359425,Shetland_sheepdog
670704688707301377,Norwich_terrier
670717338665226240,Pomeranian
670755717859713024,Keeshond
670764103623966721,Norfolk_terrier
670778058496974848,Pug
670780561024270336,Labrador_retriever
670782429121134593,Chihuahua
670786190031921152,Pembroke
670789397210615808,Beagle
670792680469889025,Toy_poodle
670797304698376195,Pembroke
670803562457407488,Basenji
670804601705242624,Pomeranian
670807719151067136,Old_english_sheepdog
670811965569282048,Basset
670815497391357952,American_staffordshire_terrier
670822709593571328,Chihuahua
670823764196741120,Labrador_retriever
670832455012716544,Malinois
670833812859932673,Pekinese
670840546554966016,Shih-tzu
670995969505435648,Redbone
671109016219725825,Basenji
671115716440031232,Malinois
671122204919246848,Chihuahua
671134062904504320,Shih-tzu
671138694582165504,Samoyed
671141549288370177,Borzoi
671147085991960577,Yorkshire_terrier
671151324042559489,Rottweiler
671154572044468225,Labrador_retriever
671163268581498880,Scottish_deerhound
671182547775299584,Rottweiler
671186162933985280,Chihuahua
671355857343524864,Miniature_poodle
671357843010908160,Italian_greyhound
671485057807351808,Samoyed
671486386088865792,German_shepherd
671504605491109889,Toy_poodle
671518598289059840,Lakeland_terrier
671520732782923777,Pomeranian
671528761649688577,Doberman
671536543010570240,Pug
671542985629241344,Shetland_sheepdog
671561002136281088,Gordon_setter
671729906628341761,Kuvasz
671735591348891648,Irish_wolfhound
671743150407421952,Toy_poodle
671768281401958400,Chihuahua
671789708968640512,Dalmatian
671866342182637568,Labrador_retriever
671891728106971137,Labrador_retriever
671896809300709376,Chow
672068090318987265,Pug
672082170312290304,Toy_poodle
672095186491711488,Pug
672125275208069120,Golden_retriever
672139350159835138,Rottweiler
672160042234327040,Pug
672169685991993344,Cocker_spaniel
672205392827572224,Pug
672222792075620352,Beagle
672239279297454080,Pug
672245253877968896,Chihuahua
672248013293752320,Irish_terrier
672254177670729728,Pug
672264251789176834,Chihuahua
672267570918129665,Irish_terrier
672272411274932228,Pug
672466075045466113,Cocker_spaniel
672481316919734272,Border_collie
672482722825261057,West_highland_white_terrier
672488522314567680,Doberman
672523490734551040,Golden_retriever
672538107540070400,Chihuahua
672591762242805761,Kuvasz
672594978741354496,Great_pyrenees
672604026190569472,Toy_poodle
672622327801233409,Golden_retriever
672640509974827008,Chesapeake_bay_retriever
672834301050937345,Pembroke
672877615439593473,Chihuahua
672964561327235073,Chihuahua
672968025906282496,Toy_poodle
672975131468300288,Pug
672980819271634944,Basset
672988786805112832,Lakeland_terrier
672995267319328768,French_bulldog
672997845381865473,Chow
673213039743795200,Schipperke
673240798075449344,Airedale
673270968295534593,Shih-tzu
673295268553605120,Golden_retriever
673317986296586240,Miniature_pinscher
673320132811366400,Samoyed
673342308415348736,Chihuahua
673343217010679808,Chihuahua
673345638550134785,Pomeranian
673350198937153538,West_highland_white_terrier
673352124999274496,Golden_retriever
673355879178194945,Rottweiler
673359818736984064,English_setter
673580926094458881,Beagle
673583129559498752,Golden_retriever
673612854080196609,Newfoundland
673636718965334016,Pug
673656262056419329,Bull_mastiff
673662677122719744,Labrador_retriever
673680198160809984,Samoyed
673686845050527744,Pekinese
673688752737402881,Soft-coated_wheaten_terrier
673689733134946305,Chesapeake_bay_retriever
673705679337693185,Shih-tzu
673707060090052608,German_short-haired_pointer
673708611235921920,Golden_retriever
673709992831262724,Chihuahua
673711475735838725,Maltese_dog
673887867907739649,Brabancon_griffon
673906403526995968,Soft-coated_wheaten_terrier
673919437611909120,Schipperke
673956914389192708,Pug
674014384960745472,Pembroke
674019345211760640,Collie
674024893172875264,Pomeranian
674036086168010753,Toy_poodle
674038233588723717,Eskimo_dog
674042553264685056,Toy_poodle
674051556661161984,Shih-tzu
674053186244734976,Cardigan
674075285688614912,Airedale
674082852460433408,Pomeranian
674255168825880576,Eskimo_dog
674262580978937856,Greater_swiss_mountain_dog
674269164442398721,Pug
674271431610523648,German_shepherd
674291837063053312,Cardigan
674394782723014656,Lakeland_terrier
674410619106390016,Beagle
674416750885273600,Chihuahua
674422304705744896,Golden_retriever
674436901579923456,Shih-tzu
674447403907457024,Brabancon_griffon
674468880899788800,Chow
674638615994089473,Pomeranian
674644256330530816,Basset
674646392044941312,Flat-coated_retriever
674670581682434048,Malamute
674737130913071104,Pomeranian
674739953134403584,Dandie_dinmont
674743008475090944,Bernese_mountain_dog
674752233200820224,Vizsla
674764817387900928,Samoyed
674774481756377088,Chihuahua
674788554665512960,Miniature_poodle
674790488185167872,Labrador_retriever
674793399141146624,Giant_schnauzer
674800520222154752,Pembroke
674805413498527744,English_springer
674999807681908736,Rottweiler
675003128568291329,Pembroke
675006312288268288,Boxer
675015141583413248,Golden_retriever
675047298674663426,Samoyed
675109292475830276,Dalmatian
675111688094527488,Labrador_retriever
675145476954566656,Labrador_retriever
675146535592706048,Cardigan
675147105808306176,Golden_retriever
675149409102012420,Chow
675166823650848770,Standard_poodle
675334060156301312,Pembroke
675349384339542016,Borzoi
675354435921575936,Golden_retriever
675362609739206656,Labrador_retriever
675372240448454658,Chihuahua
675432746517426176,Labrador_retriever
675489971617296384,West_highland_white_terrier
675497103322386432,Vizsla
675517828909424640,Scottish_deerhound
675522403582218240,Cocker_spaniel
675531475945709568,Pembroke
675534494439489536,Chow
675706639471788032,English_springer
675707330206547968,Staffordshire_bullterrier
675710890956750848,Standard_schnauzer
675740360753160193,Golden_retriever
675781562965868544,Maltese_dog
675798442703122432,Beagle
675820929667219457,Basset
675822767435051008,Pomeranian
675845657354215424,Pug
675853064436391936,Labrador_retriever
675870721063669760,Golden_retriever
675878199931371520,Cardigan
675888385639251968,West_highland_white_terrier
675891555769696257,Italian_greyhound
675898130735476737,Labrador_retriever
676089483918516224,Bull_mastiff
676101918813499392,Shih-tzu
676146341966438401,Irish_water_spaniel
676191832485810177,Chihuahua
676219687039057920,Whippet
676237365392908289,French_bulldog
676263575653122048,Toy_poodle
676430933382295552,Golden_retriever
676440007570247681,Maltese_dog
676470639084101634,Golden_retriever
676496375194980353,Pug
676533798876651520,Chow
676575501977128964,Yorkshire_terrier
676582956622721024,Boston_bull
676588346097852417,Boston_bull
676603393314578432,Whippet
676606785097199616,Malinois
676613908052996102,Doberman
676617503762681856,Chihuahua
676811746707918848,Chihuahua
676819651066732545,Labrador_retriever
676821958043033607,Great_pyrenees
676864501615042560,Chesapeake_bay_retriever
676936541936185344,Chesapeake_bay_retriever
676946864479084545,Pekinese
676949632774234114,Welsh_springer_spaniel
676957860086095872,Labrador_retriever
676975532580409345,Malamute
677187300187611136,English_setter
677269281705472000,Shetland_sheepdog
677301033169788928,Japanese_spaniel
677314812125323265,Blenheim_spaniel
677328882937298944,Kelpie
677331501395156992,Beagle
677334615166730240,Lakeland_terrier
677530072887205888,Staffordshire_bullterrier
677547928504967168,American_staffordshire_terrier
677557565589463040,Shih-tzu
677565715327688705,Basset
677644091929329666,Chihuahua
677673981332312066,Maltese_dog
677687604918272002,Pembroke
677698403548192770,Shih-tzu
677700003327029250,Siberian_husky
677716515794329600,Chow
677895101218201600,Dalmatian
677918531514703872,Eskimo_dog
678021115718029313,Miniature_pinscher
678255464182861824,Chihuahua
678278586130948096,Maltese_dog
678334497360859136,Norfolk_terrier
678341075375947776,Golden_retriever
678380236862578688,Samoyed
678389028614488064,Miniature_pinscher
678396796259975168,Pembroke
678399652199309312,Bedlington_terrier
678410210315247616,Schipperke
678424312106393600,Maltese_dog
678446151570427904,Staffordshire_bullterrier
678643457146150913,Labrador_retriever
678740035362037760,Beagle
678755239630127104,Malamute
678764513869611008,Irish_terrier
678774928607469569,Pembroke
678798276842360832,Airedale
678800283649069056,Labrador_retriever
678969228704284672,Labrador_retriever
678991772295516161,Eskimo_dog
679047485189439488,Golden_retriever
679062614270468097,Schipperke
679111216690831360,Kelpie
679132435750195208,Scottish_deerhound
679148763231985668,Italian_greyhound
679158373988876288,Pug
679462823135686656,Toy_poodle
679475951516934144,Maltese_dog
679511351870550016,Chihuahua
679530280114372609,Dalmatian
679722016581222400,Boxer
679729593985699840,West_highland_white_terrier
679736210798047232,French_bulldog
679777920601223168,Bloodhound
679828447187857408,Chihuahua
679844490799091713,Airedale
679854723806179328,Chow
679862121895714818,Entlebucher
680055455951884288,Samoyed
680070545539371008,Shih-tzu
680100725817409536,Golden_retriever
680115823365742593,Pug
680130881361686529,Maltese_dog
680145970311643136,Miniature_poodle
680161097740095489,Bluetick
680191257256136705,Brittany_spaniel
680473011644985345,Lakeland_terrier
680494726643068929,Kuvasz
680497766108381184,Chihuahua
680609293079592961,French_bulldog
680801747103793152,Pug
680836378243002368,Pembroke
680889648562991104,Shetland_sheepdog
680913438424612864,Pomeranian
680934982542561280,Labrador_retriever
680940246314430465,Soft-coated_wheaten_terrier
680959110691590145,Pug
680970795137544192,Pug
681193455364796417,Pomeranian
681231109724700672,Irish_setter
681261549936340994,Tibetan_terrier
681281657291280384,Saint_bernard
681297372102656000,Lhasa
681320187870711809,Samoyed
681339448655802368,Labrador_retriever
681523177663676416,Norfolk_terrier
681579835668455424,Rottweiler
681610798867845120,Toy_poodle
681654059175129088,Pomeranian
681694085539872773,Toy_poodle
681891461017812993,Chihuahua
681981167097122816,Labrador_retriever
682032003584274432,Schipperke
682259524040966145,Siberian_husky
682303737705140231,Lakeland_terrier
682389078323662849,Curly-coated_retriever
682393905736888321,Vizsla
682429480204398592,Whippet
682638830361513985,English_springer
682662431982772225,Beagle
682750546109968385,English_setter
682962037429899265,Chihuahua
683030066213818368,Boxer
683078886620553216,Eskimo_dog
683098815881154561,Golden_retriever
683111407806746624,Cocker_spaniel
683142553609318400,Leonberg
683357973142474752,Pembroke
683391852557561860,French_bulldog
683449695444799489,Lakeland_terrier
683462770029932544,Italian_greyhound
683481228088049664,Keeshond
683498322573824003,Airedale
683742671509258241,Pembroke
683773439333797890,Miniature_pinscher
683828599284170753,Malamute
683834909291606017,Maltese_dog
683849932751646720,Mexican_hairless
683852578183077888,Toy_poodle
683857920510050305,Bluetick
684097758874210310,Labrador_retriever
684177701129875456,Chow
684188786104872960,Kelpie
684195085588783105,Chihuahua
684222868335505415,Soft-coated_wheaten_terrier
684225744407494656,Golden_retriever
684241637099323392,Pembroke
684460069371654144,Labrador_retriever
684481074559381504,Chihuahua
684538444857667585,Chihuahua
684594889858887680,Weimaraner
684800227459624960,Miniature_schnauzer
684902183876321280,Pembroke
684914660081053696,Chow
684926975086034944,Labrador_retriever
684940049151070208,Border_collie
685169283572338688,Bernese_mountain_dog
685198997565345792,Old_english_sheepdog
685268753634967552,Pug
685307451701334016,Pomeranian
685315239903100929,Chow
685321586178670592,Boston_bull
685325112850124800,Golden_retriever
685532292383666176,Collie
685641971164143616,Lakeland_terrier
685663452032069632,Chesapeake_bay_retriever
685906723014619143,Yorkshire_terrier
685943807276412928,Papillon
685973236358713344,Siberian_husky
686007916130873345,Rhodesian_ridgeback
686034024800862208,Great_dane
686050296934563840,Pomeranian
686358356425093120,Pug
686377065986265092,German_shepherd
686386521809772549,Yorkshire_terrier
686606069955735556,Labrador_retriever
686618349602762752,Rottweiler
686683045143953408,Norwich_terrier
686730991906516992,Tibetan_mastiff
687096057537363968,Labrador_retriever
687109925361856513,Borzoi
687124485711986689,Beagle
687127927494963200,Pug
687312378585812992,Great_dane
687317306314240000,Shih-tzu
687460506001633280,Boston_bull
687480748861947905,English_springer
687494652870668288,Rottweiler
687664829264453632,Pug
687704180304273409,Miniature_pinscher
687807801670897665,Staffordshire_bullterrier
687818504314159109,Lakeland_terrier
687826841265172480,Pomeranian
688064179421470721,Eskimo_dog
688116655151435777,Pug
688385280030670848,Golden_retriever
688519176466644993,Pembroke
688547210804498433,Papillon
688789766343622656,American_staffordshire_terrier
688804835492233216,Malinois
688828561667567616,Cardigan
688898160958271489,Ibizan_hound
688916208532455424,Pembroke
689143371370250240,English_springer
689154315265683456,Cocker_spaniel
689275259254616065,American_staffordshire_terrier
689280876073582592,Chihuahua
689283819090870273,Scotch_terrier
689517482558820352,Pembroke
689557536375177216,Eskimo_dog
689599056876867584,Cocker_spaniel
689623661272240129,Toy_poodle
689661964914655233,Italian_greyhound
689835978131935233,Collie
689877686181715968,Old_english_sheepdog
689905486972461056,Pomeranian
689977555533848577,Labrador_retriever
689999384604450816,Standard_poodle
690005060500217858,Samoyed
690015576308211712,Malamute
690021994562220032,Malamute
690360449368465409,Pug
690374419777196032,Kuvasz
690400367696297985,Pembroke
690597161306841088,Lhasa
690649993829576704,Mexican_hairless
690690673629138944,Maltese_dog
690728923253055490,Kuvasz
690735892932222976,Golden_retriever
690959652130045952,Golden_retriever
691096613310316544,Borzoi
691321916024623104,Rottweiler
691416866452082688,Lakeland_terrier
691444869282295808,Bernese_mountain_dog
691459709405118465,Shetland_sheepdog
691483041324204033,Bloodhound
691675652215414786,Chihuahua
691756958957883396,Saint_bernard
692017291282812928,Tibetan_terrier
692142790915014657,Toy_poodle
692158366030913536,Pug
692187005137076224,Siberian_husky
692530551048294401,Siberian_husky
692535307825213440,Pug
692568918515392513,Golden_retriever
692752401762250755,Samoyed
692828166163931137,Samoyed
692894228850999298,German_short-haired_pointer
692901601640583168,Soft-coated_wheaten_terrier
692905862751522816,Mexican_hairless
692919143163629568,Saint_bernard
693095443459342336,Yorkshire_terrier
693109034023534592,Cocker_spaniel
693155686491000832,Shih-tzu
693231807727280129,Vizsla
693262851218264065,Golden_retriever
693280720173801472,Labrador_retriever
693622659251335168,Malamute
693629975228977152,Pug
693642232151285760,Scottish_deerhound
693942351086120961,Groenendael
694001791655137281,Pembroke
694183373896572928,Pekinese
694206574471057408,Shih-tzu
694329668942569472,Boxer
694352839993344000,Australian_terrier
694356675654983680,Pomeranian
695051054296211456,Boston_bull
695074328191332352,Shih-tzu
695095422348574720,Papillon
695314793360662529,Maltese_dog
695409464418041856,Pug
695446424020918272,Basenji
695629776980148225,Old_english_sheepdog
695767669421768709,Soft-coated_wheaten_terrier
695794761660297217,Samoyed
695816827381944320,Pomeranian
696405997980676096,Borzoi
696488710901260288,Briard
696713835009417216,Chesapeake_bay_retriever
696754882863349760,Toy_poodle
696886256886657024,Kuvasz
696894894812565505,Appenzeller
696900204696625153,Chihuahua
697242256848379904,Eskimo_dog
697255105972801536,Great_dane
697259378236399616,Great_dane
697270446429966336,Toy_poodle
697463031882764288,Labrador_retriever
697575480820686848,Whippet
697596423848730625,Shetland_sheepdog
697616773278015490,Lhasa
697943111201378304,Great_dane
697990423684476929,Pembroke
697995514407682048,Staffordshire_bullterrier
698178924120031232,Chesapeake_bay_retriever
698195409219559425,Labrador_retriever
698262614669991936,Italian_greyhound
698342080612007937,Boxer
698355670425473025,Pug
698549713696649216,French_bulldog
698635131305795584,Samoyed
698703483621523456,Brittany_spaniel
698710712454139905,Samoyed
698907974262222848,German_short-haired_pointer
698953797952008193,Italian_greyhound
698989035503689728,Norfolk_terrier
699036661657767936,Chihuahua
699072405256409088,Shih-tzu
699079609774645248,Schipperke
699323444782047232,Labrador_retriever
699370870310113280,Cairn
699413908797464576,Samoyed
699423671849451520,Pug
699434518667751424,Golden_retriever
699446877801091073,Pembroke
699775878809702401,Dandie_dinmont
699779630832685056,Malinois
699788877217865730,Border_terrier
699801817392291840,Golden_retriever
700002074055016451,Chihuahua
700029284593901568,West_highland_white_terrier
700143752053182464,Golden_retriever
700151421916807169,Italian_greyhound
700167517596164096,Beagle
700462010979500032,Pomeranian
700505138482569216,Norwegian_elkhound
700518061187723268,American_staffordshire_terrier
700747788515020802,Great_pyrenees
700847567345688576,Rhodesian_ridgeback
700864154249383937,Kuvasz
700890391244103680,Schipperke
701214700881756160,Chihuahua
701545186879471618,Border_collie
701570477911896070,Yorkshire_terrier
701601587219795968,Chihuahua
701889187134500865,French_bulldog
701952816642965504,Toy_poodle
701981390485725185,Pomeranian
702217446468493312,Golden_retriever
702276748847800320,Boston_bull
702321140488925184,West_highland_white_terrier
702539513671897089,Pomeranian
702598099714314240,Kelpie
702671118226825216,Bloodhound
702684942141153280,Golden_retriever
703079050210877440,Pembroke
703268521220972544,Kuvasz
703356393781329922,Border_collie
703382836347330562,Golden_retriever
703425003149250560,Miniature_pinscher
703611486317502464,Pembroke
703769065844768768,Boxer
703774238772166656,Labrador_retriever
704054845121142784,Great_pyrenees
704347321748819968,Brittany_spaniel
704364645503647744,Pembroke
704480331685040129,Samoyed
704499785726889984,Chihuahua
704761120771465216,Chihuahua
704847917308362754,Golden_retriever
704859558691414016,Pug
704871453724954624,Norfolk_terrier
705066031337840642,Airedale
705102439679201280,Collie
705223444686888960,Chesapeake_bay_retriever
705239209544720384,Chihuahua
705428427625635840,Chihuahua
705442520700944385,Great_pyrenees
705475953783398401,Golden_retriever
705591895322394625,Basenji
705786532653883392,Labrador_retriever
705898680587526145,Collie
705970349788291072,Golden_retriever
705975130514706432,Staffordshire_bullterrier
706166467411222528,Samoyed
706265994973601792,Papillon
706291001778950144,Border_terrier
706310011488698368,Pembroke
706346369204748288,Tibetan_mastiff
706516534877929472,Golden_retriever
706538006853918722,Chow
706644897839910912,Chihuahua
706681918348251136,Toy_poodle
707014260413456384,Chihuahua
707021089608753152,Cocker_spaniel
707038192327901184,Pug
707059547140169728,Samoyed
707297311098011648,Blenheim_spaniel
707315916783140866,Bernese_mountain_dog
707377100785885184,Golden_retriever
707387676719185920,Chihuahua
707411934438625280,Lakeland_terrier
707420581654872064,Kuvasz
707610948723478529,Golden_retriever
707741517457260545,Whippet
707776935007539200,Miniature_pinscher
707969809498152960,Toy_poodle
708026248782585858,Malinois
708109389455101952,Staffordshire_bullterrier
708119489313951744,Norwich_terrier
708130923141795840,French_bulldog
708149363256774660,Cardigan
708349470027751425,Basenji
708356463048204288,Pug
708469915515297792,Chihuahua
708479650088034305,Shih-tzu
708711088997666817,German_short-haired_pointer
708738143638450176,Pomeranian
708810915978854401,Golden_retriever
708834316713893888,Eskimo_dog
708845821941387268,Schipperke
709042156699303936,Rottweiler
709158332880297985,Siberian_husky
709198395643068416,Borzoi
709207347839836162,Chihuahua
709225125749587968,Labrador_retriever
709409458133323776,Shetland_sheepdog
709449600415961088,Maltese_dog
709519240576036864,Cocker_spaniel
709556954897764353,Golden_retriever
709566166965075968,Chow
709852847387627521,Chihuahua
709918798883774466,Pembroke
710117014656950272,Toy_poodle
710140971284037632,Pekinese
710153181850935296,Cocker_spaniel
710269109699739648,Pug
710272297844797440,Old_english_sheepdog
710283270106132480,Shih-tzu
710588934686908417,Pembroke
710658690886586372,Soft-coated_wheaten_terrier
710833117892898816,Pembroke
710844581445812225,Pembroke
710997087345876993,Malamute
711008018775851008,French_bulldog
711306686208872448,Dandie_dinmont
711363825979756544,Pembroke
711732680602345472,Ibizan_hound
711743778164514816,Lakeland_terrier
711998809858043904,Kuvasz
712085617388212225,Shih-tzu
712097430750289920,Labrador_retriever
712438159032893441,Great_pyrenees
712668654853337088,Labrador_retriever
712717840512598017,Great_pyrenees
712809025985978368,Labrador_retriever
713175907180089344,Malamute
713177543487135744,Whippet
713411074226274305,Great_pyrenees
713761197720473600,Brittany_spaniel
713900603437621249,Golden_retriever
713919462244790272,Siberian_husky
714141408463036416,Labrador_retriever
714214115368108032,Pug
714251586676113411,Soft-coated_wheaten_terrier
714258258790387713,Collie
714606013974974464,Norfolk_terrier
714957620017307648,Great_pyrenees
714982300363173890,Brittany_spaniel
715009755312439296,Chihuahua
715200624753819648,Chihuahua
715220193576927233,Chihuahua
715342466308784130,West_highland_white_terrier
715680795826982913,Golden_retriever
715696743237730304,Staffordshire_bullterrier
715733265223708672,Dandie_dinmont
715928423106027520,Pug
716080869887381504,Golden_retriever
716285507865542656,Yorkshire_terrier
716439118184652801,Siberian_husky
716791146589110272,Pomeranian
716802964044845056,Malinois
717009362452090881,Siberian_husky
717047459982213120,Golden_retriever
717421804990701568,Miniature_pinscher
717537687239008257,Golden_retriever
717841801130979328,Brittany_spaniel
718234618122661888,Malamute
718246886998687744,Chihuahua
718460005985447936,Boston_bull
718540630683709445,Maltese_dog
718613305783398402,Labrador_retriever
718631497683582976,Pomeranian
718939241951195136,Pembroke
718971898235854848,Golden_retriever
719332531645071360,Dandie_dinmont
719339463458033665,Golden_retriever
719367763014393856,Soft-coated_wheaten_terrier
719551379208073216,Malamute
719991154352222208,Golden_retriever
720043174954147842,Samoyed
720059472081784833,Mexican_hairless
720389942216527872,Pembroke
720415127506415616,Rottweiler
720775346191278080,Newfoundland
720785406564900865,Chihuahua
721001180231503872,Samoyed
721503162398597120,Pomeranian
722613351520608256,Labrador_retriever
722974582966214656,Great_dane
723179728551723008,Norwegian_elkhound
723673163800948736,Golden_retriever
723688335806480385,Chow
723912936180330496,Samoyed
724004602748780546,Pug
724046343203856385,Boxer
724049859469295616,Border_collie
724405726123311104,Golden_retriever
724771698126512129,German_short-haired_pointer
724983749226668032,Golden_retriever
725729321944506368,Boxer
725786712245440512,Chow
725842289046749185,Toy_poodle
726224900189511680,Standard_poodle
726828223124897792,Miniature_pinscher
726887082820554753,Soft-coated_wheaten_terrier
726935089318363137,Toy_poodle
727175381690781696,Flat-coated_retriever
727286334147182592,Chihuahua
727314416056803329,Toy_poodle
727524757080539137,Pomeranian
727644517743104000,Great_pyrenees
727685679342333952,Border_collie
728015554473250816,Cocker_spaniel
728035342121635841,Pomeranian
728046963732717569,Newfoundland
728387165835677696,Collie
728409960103686147,Saint_bernard
728751179681943552,Saint_bernard
728760639972315136,Pembroke
728986383096946689,Maltese_dog
729463711119904772,German_shepherd
729823566028484608,Kelpie
730211855403241472,Pug
730427201120833536,Eskimo_dog
730573383004487680,American_staffordshire_terrier
730924654643314689,Newfoundland
731285275100512256,Pembroke
732005617171337216,English_setter
732375214819057664,Basset
732585889486888962,Staffordshire_bullterrier
732726085725589504,Pomeranian
732732193018155009,Staffordshire_bullterrier
733109485275860992,Golden_retriever
733460102733135873,Chow
733482008106668032,French_bulldog
733822306246479872,Lhasa
733828123016450049,Beagle
734776360183431168,Siberian_husky
734787690684657664,Golden_retriever
734912297295085568,Maltese_dog
735137028879360001,Walker_hound
735256018284875776,Staffordshire_bullterrier
735635087207878657,Pug
735648611367784448,Pembroke
735991953473572864,Cocker_spaniel
736010884653420544,Golden_retriever
736225175608430592,Labrador_retriever
736365877722001409,Toy_poodle
736736130620620800,Schipperke
737445876994609152,Samoyed
737678689543020544,Pembroke
737800304142471168,Malamute
737826014890496000,Vizsla
738156290900254721,Pug
738166403467907072,Keeshond
738184450748633089,Bedlington_terrier
738402415918125056,Cocker_spaniel
738537504001953792,Chow
738883359779196928,Labrador_retriever
738885046782832640,American_staffordshire_terrier
739238157791694849,Eskimo_dog
739485634323156992,Walker_hound
739544079319588864,Labrador_retriever
739606147276148736,Blenheim_spaniel
739844404073074688,Toy_poodle
739932936087216128,Redbone
739979191639244800,Irish_water_spaniel
740214038584557568,Chesapeake_bay_retriever
740359016048689152,Golden_retriever
740373189193256964,Golden_retriever
740676976021798912,Norwegian_elkhound
740711788199743490,Toy_poodle
740995100998766593,Malamute
741067306818797568,Golden_retriever
741303864243200000,Chihuahua
741438259667034112,Chesapeake_bay_retriever
741743634094141440,Labrador_retriever
741793263812808706,Kuvasz
742150209887731712,French_bulldog
742385895052087300,Cardigan
742423170473463808,Pug
743210557239623680,Golden_retriever
743222593470234624,Kuvasz
743253157753532416,Malamute
743545585370791937,Standard_poodle
743609206067040256,Weimaraner
743895849529389061,Dalmatian
743980027717509120,Bull_mastiff
744234799360020481,Labrador_retriever
744334592493166593,Samoyed
744709971296780288,Shetland_sheepdog
744971049620602880,Toy_poodle
744995568523612160,Old_english_sheepdog
745057283344719872,Shetland_sheepdog
745422732645535745,Labrador_retriever
745433870967832576,Basset
745712589599014916,Chow
745789745784041472,Pekinese
746056683365994496,Shetland_sheepdog
746131877086527488,Chow
746369468511756288,German_shepherd
746507379341139972,Toy_poodle
746726898085036033,Golden_retriever
746790600704425984,Boston_bull
746818907684614144,Ibizan_hound
746872823977771008,Pembroke
747103485104099331,Labrador_retriever
747219827526344708,Shetland_sheepdog
747512671126323200,Cardigan
747594051852075008,Basenji
747600769478692864,Chesapeake_bay_retriever
747816857231626240,Pembroke
747844099428986880,Pembroke
747885874273214464,Kuvasz
747933425676525569,Samoyed
747963614829678593,Kelpie
748324050481647620,Shetland_sheepdog
748346686624440324,Borzoi
748568946752774144,Tibetan_terrier
748575535303884801,Soft-coated_wheaten_terrier
748699167502000129,Pembroke
748932637671223296,Borzoi
748977405889503236,German_short-haired_pointer
749036806121881602,West_highland_white_terrier
749064354620928000,Pug
749317047558017024,Wire-haired_fox_terrier
749395845976588288,Pomeranian
749403093750648834,Chesapeake_bay_retriever
749417653287129088,Papillon
749774190421639168,Pekinese
749996283729883136,Old_english_sheepdog
750011400160841729,Boston_bull
750026558547456000,Standard_poodle
750041628174217216,Labrador_retriever
750056684286914561,Saluki
750071704093859840,Redbone
750086836815486976,Pug
750101899009982464,Golden_retriever
750117059602808832,Shih-tzu
750132105863102464,Toy_poodle
750147208377409536,Pug
750383411068534784,Border_collie
750429297815552001,Golden_retriever
750719632563142656,Pembroke
750868782890057730,Toy_poodle
751132876104687617,Labrador_retriever
751205363882532864,Labrador_retriever
751251247299190784,Walker_hound
751456908746354688,Golden_retriever
751538714308972544,Labrador_retriever
751583847268179968,Dalmatian
751598357617971201,Toy_poodle
751830394383790080,Chow
751937170840121344,Lakeland_terrier
752173152931807232,Labrador_retriever
752309394570878976,Golden_retriever
752334515931054080,Bedlington_terrier
752519690950500352,Labrador_retriever
752660715232722944,English_setter
752682090207055872,German_shepherd
752917284578922496,German_shepherd
753026973505581056,Pembroke
753294487569522689,Chow
753375668877008896,Bluetick
753398408988139520,Whippet
753655901052166144,Miniature_pinscher
754011816964026368,French_bulldog
754120377874386944,Chow
754449512966619136,Beagle
754856583969079297,Golden_retriever
754874841593970688,Pug
755110668769038337,Labrador_retriever
755955933503782912,Pekinese
756275833623502848,Airedale
756288534030475264,French_bulldog
756303284449767430,Golden_retriever
756651752796094464,Pembroke
756939218950160384,Golden_retriever
756998049151549440,Golden_retriever
757354760399941633,Italian_greyhound
757393109802180609,Labrador_retriever
757400162377592832,Golden_retriever
757611664640446465,Bluetick
757725642876129280,Labrador_retriever
757729163776290825,Schipperke
757741869644341248,Old_english_sheepdog
758041019896193024,Cardigan
758355060040593408,Pembroke
758405701903519748,Chesapeake_bay_retriever
758467244762497024,Labrador_retriever
758474966123810816,Pembroke
758740312047005698,Chesapeake_bay_retriever
758828659922702336,Chesapeake_bay_retriever
758854675097526272,Old_english_sheepdog
759047813560868866,Labrador_retriever
759099523532779520,Shetland_sheepdog
759159934323924993,Irish_terrier
759197388317847553,Kuvasz
759447681597108224,Kuvasz
759557299618865152,Golden_retriever
759566828574212096,Labrador_retriever
759793422261743616,Golden_retriever
759846353224826880,Sussex_spaniel
759923798737051648,Labrador_retriever
760290219849637889,Old_english_sheepdog
760539183865880579,Samoyed
760656994973933572,Golden_retriever
760893934457552897,Blenheim_spaniel
761004547850530816,Golden_retriever
761227390836215808,French_bulldog
761292947749015552,Standard_poodle
761334018830917632,Norwegian_elkhound
761599872357261312,Gordon_setter
761750502866649088,Golden_retriever
761976711479193600,Labrador_retriever
762464539388485633,Chow
762471784394268675,Samoyed
762699858130116608,Kelpie
763103485927849985,Chow
763183847194451968,Miniature_poodle
763837565564780549,Malamute
764259802650378240,German_shepherd
764857477905154048,Bernese_mountain_dog
765222098633691136,Dalmatian
765371061932261376,Golden_retriever
765395769549590528,Pembroke
765669560888528897,Beagle
765719909049503744,Golden_retriever
766008592277377025,Welsh_springer_spaniel
766069199026450432,Redbone
766078092750233600,Toy_poodle
766313316352462849,Toy_poodle
766423258543644672,Keeshond
766693177336135680,Doberman
766793450729734144,Beagle
767122157629476866,Toy_poodle
767500508068192258,Chow
767754930266464257,Vizsla
768473857036525572,Labrador_retriever
768596291618299904,Great_pyrenees
768609597686943744,Basenji
768855141948723200,Chow
768970937022709760,Pomeranian
769212283578875904,Golden_retriever
769695466921623552,Pug
769940425801170949,Miniature_pinscher
770069151037685760,Boston_bull
770093767776997377,Golden_retriever
770293558247038976,Italian_greyhound
770414278348247044,Golden_retriever
770772759874076672,Chow
770787852854652928,Bernese_mountain_dog
771102124360998913,Labrador_retriever
771136648247640064,Golden_retriever
771171053431250945,Samoyed
771380798096281600,Collie
771500966810099713,Labrador_retriever
771770456517009408,Papillon
772102971039580160,Pembroke
772114945936949249,Chihuahua
772117678702071809,Labrador_retriever
772152991789019136,Golden_retriever
772193107915964416,Pembroke
772581559778025472,Newfoundland
772615324260794368,Dalmatian
772826264096874500,Basset
772877495989305348,Norwegian_elkhound
773191612633579521,Blenheim_spaniel
773247561583001600,Miniature_pinscher
773308824254029826,Labrador_retriever
773547596996571136,Norwegian_elkhound
773670353721753600,Old_english_sheepdog
773704687002451968,Silky_terrier
773922284943896577,Pomeranian
773985732834758656,Pug
774314403806253056,Eskimo_dog
774639387460112384,Walker_hound
774757898236878852,Toy_poodle
775085132600442880,Chow
775364825476165632,Beagle
775842724423557120,Chow
775898661951791106,Golden_retriever
776088319444877312,Pug
776201521193218049,Rottweiler
776218204058357768,Samoyed
776477788987613185,Labrador_retriever
776813020089548800,Toy_poodle
776819012571455488,Chihuahua
777189768882946048,Chihuahua
777621514455814149,Chow
777641927919427584,Golden_retriever
777684233540206592,Cocker_spaniel
777885040357281792,Afghan_hound
778027034220126208,Clumber
778039087836069888,German_shepherd
778286810187399168,Boston_bull
778383385161035776,Collie
778408200802557953,Pembroke
778624900596654080,Airedale
778650543019483137,German_shepherd
778748913645780993,Staffordshire_bullterrier
778990705243029504,Cocker_spaniel
779056095788752897,Chihuahua
779123168116150273,Toy_poodle
779834332596887552,Golden_retriever
780192070812196864,Vizsla
780459368902959104,Great_dane
780476555013349377,Pug
780496263422808064,Pug
780543529827336192,Golden_retriever
780601303617732608,Saint_bernard
780800785462489090,Siberian_husky
780858289093574656,Chesapeake_bay_retriever
781163403222056960,Shetland_sheepdog
781251288990355457,Mexican_hairless
781524693396357120,Chesapeake_bay_retriever
781661882474196992,Pembroke
782021823840026624,Golden_retriever
782305867769217024,Briard
782598640137187329,Malamute
782722598790725632,Irish_setter
782747134529531904,Golden_retriever
782969140009107456,Golden_retriever
783085703974514689,Chesapeake_bay_retriever
783334639985389568,Cardigan
783347506784731136,Cardigan
783391753726550016,Norwegian_elkhound
783466772167098368,Chihuahua
783695101801398276,Chow
783821107061198850,Lakeland_terrier
784431430411685888,Miniature_poodle
784517518371221505,Malamute
784826020293709826,Chow
785170936622350336,Eskimo_dog
785264754247995392,Chow
785533386513321988,Miniature_pinscher
785872687017132033,Great_pyrenees
785927819176054784,Toy_poodle
786036967502913536,Golden_retriever
786233965241827333,Labrador_retriever
786363235746385920,Golden_retriever
786595970293370880,Pembroke
786664955043049472,Leonberg
786709082849828864,Pomeranian
786963064373534720,Golden_retriever
787322443945877504,Golden_retriever
787397959788929025,Chihuahua
787717603741622272,German_shepherd
787810552592695296,Pug
788070120937619456,Golden_retriever
788150585577050112,Chow
788178268662984705,Samoyed
788412144018661376,Golden_retriever
788765914992902144,Cocker_spaniel
788908386943430656,Golden_retriever
789137962068021249,Chihuahua
789268448748703744,Malamute
789530877013393408,Schipperke
789599242079838210,Chesapeake_bay_retriever
789628658055020548,Chow
789986466051088384,Golden_retriever
790277117346975746,Labrador_retriever
790337589677002753,Pembroke
790581949425475584,Malinois
790698755171364864,Bernese_mountain_dog
790723298204217344,Golden_retriever
790946055508652032,Golden_retriever
790987426131050500,Cocker_spaniel
791026214425268224,Malamute
791312159183634433,Miniature_pinscher
791406955684368384,Pembroke
791672322847637504,Golden_retriever
792050063153438720,Komondor
792394556390137856,Cocker_spaniel
792773781206999040,Yorkshire_terrier
792883833364439040,Standard_poodle
793120401413079041,Labrador_retriever
793150605191548928,Italian_greyhound
793165685325201412,Golden_retriever
793180763617361921,Lakeland_terrier
793195938047070209,Labrador_retriever
793210959003287553,French_bulldog
793226087023144960,Wire-haired_fox_terrier
793241302385262592,Golden_retriever
793256262322548741,Basset
793271401113350145,Siberian_husky
793286476301799424,Afghan_hound
793500921481273345,Golden_retriever
793601777308463104,Miniature_pinscher
793614319594401792,Golden_retriever
793845145112371200,Old_english_sheepdog
793962221541933056,Labrador_retriever
794332329137291264,Samoyed
794355576146903043,Cocker_spaniel
794926597468000259,Toy_poodle
794983741416415232,Schipperke
795400264262053889,Golden_retriever
795464331001561088,Golden_retriever
796031486298386433,Golden_retriever
796080075804475393,Chow
796116448414461957,Cardigan
796149749086875649,Golden_retriever
796177847564038144,Golden_retriever
796387464403357696,Pekinese
796484825502875648,Cocker_spaniel
796759840936919040,American_staffordshire_terrier
796865951799083009,Cardigan
797236660651966464,Collie
797545162159308800,Pembroke
797971864723324932,American_staffordshire_terrier
798209839306514432,Pekinese
798340744599797760,Papillon
798628517273620480,Beagle
798644042770751489,English_springer
798665375516884993,Chow
798694562394996736,Chihuahua
798697898615730177,Labrador_retriever
798925684722855936,West_highland_white_terrier
798933969379225600,Siberian_husky
799063482566066176,Norfolk_terrier
799297110730567681,Malamute
799422933579902976,Miniature_pinscher
799757965289017345,Border_collie
799774291445383169,Chow
800141422401830912,Golden_retriever
800388270626521089,Golden_retriever
800513324630806528,Pembroke
800751577355128832,Cocker_spaniel
801115127852503040,Dalmatian
801167903437357056,Cocker_spaniel
801538201127157760,Pembroke
801958328846974976,Staffordshire_bullterrier
802239329049477120,Eskimo_dog
802247111496568832,Chihuahua
802265048156610565,Labrador_retriever
802572683846291456,Golden_retriever
802624713319034886,Cocker_spaniel
802952499103731712,Chow
803276597545603072,Pembroke
803638050916102144,Labrador_retriever
803692223237865472,Lakeland_terrier
803773340896923648,Miniature_pinscher
804413760345620481,Chow
804738756058218496,Tibetan_mastiff
805207613751304193,Pembroke
805520635690676224,Malinois
805826884734976000,Siberian_husky
805932879469572096,Norwegian_elkhound
805958939288408065,Irish_setter
806219024703037440,Chow
806242860592926720,Cardigan
806542213899489280,Vizsla
806629075125202948,Cocker_spaniel
807010152071229440,Golden_retriever
807059379405148160,Golden_retriever
807106840509214720,Chihuahua
807621403335917568,Golden_retriever
808001312164028416,Labrador_retriever
808106460588765185,Golden_retriever
808134635716833280,Cocker_spaniel
808501579447930884,Airedale
808733504066486276,Toy_poodle
808838249661788160,Rottweiler
809084759137812480,Vizsla
809220051211603969,Pomeranian
809448704142938112,Greater_swiss_mountain_dog
809808892968534016,Labrador_retriever
809920764300447744,Norwich_terrier
810254108431155201,Staffordshire_bullterrier
810284430598270976,Malamute
810657578271330305,Malamute
810896069567610880,Flat-coated_retriever
810984652412424192,Golden_retriever
811386762094317568,Pembroke
811627233043480576,Beagle
811744202451197953,Pekinese
811985624773361665,Staffordshire_bullterrier
812372279581671427,Golden_retriever
812466873996607488,Great_dane
812709060537683968,Irish_setter
812781120811126785,Bull_mastiff
813051746834595840,Golden_retriever
813066809284972545,Toy_terrier
813081950185472002,Doberman
813096984823349248,Great_dane
813112105746448384,Pembroke
813127251579564032,Norwegian_elkhound
813142292504645637,Beagle
813157409116065792,Pembroke
813172488309972993,Golden_retriever
813187593374461952,Golden_retriever
813202720496779264,Cocker_spaniel
813217897535406080,Samoyed
813800681631023104,Malamute
813812741911748608,French_bulldog
813910438903693312,Siberian_husky
813944609378369540,Labrador_retriever
814153002265309185,Golden_retriever
814530161257443328,Miniature_poodle
814638523311648768,Golden_retriever
814986499976527872,Dalmatian
815639385530101762,German_shepherd
815736392542261248,Border_collie
815966073409433600,Tibetan_mastiff
815990720817401858,Chihuahua
816014286006976512,English_setter
816091915477250048,Pomeranian
816336735214911488,Labrador_retriever
816697700272001025,Chihuahua
816816676327063552,Malamute
816829038950027264,Golden_retriever
817056546584727552,Kelpie
817120970343411712,Saluki
817171292965273600,Golden_retriever
817181837579653120,Tibetan_mastiff
817415592588222464,Doberman
817423860136083457,Samoyed
817536400337801217,Pug
817777686764523521,Curly-coated_retriever
817827839487737858,Cocker_spaniel
818145370475810820,Golden_retriever
818259473185828864,Miniature_schnauzer
818536468981415936,Welsh_springer_spaniel
818588835076603904,Norwegian_elkhound
818614493328580609,Chihuahua
818627210458333184,Labrador_retriever
819004803107983360,Standard_poodle
819015337530290176,Standard_poodle
819227688460238848,Border_terrier
819347104292290561,Rottweiler
819588359383371776,Cardigan
819711362133872643,Toy_poodle
819952236453363712,American_staffordshire_terrier
820314633777061888,Gordon_setter
820446719150292993,Golden_retriever
820690176645140481,West_highland_white_terrier
820749716845686786,Golden_retriever
821044531881721856,Old_english_sheepdog
821107785811234820,Pomeranian
821149554670182400,German_shepherd
821407182352777218,Irish_setter
821522889702862852,Doberman
821765923262631936,Golden_retriever
821813639212650496,Saint_bernard
821886076407029760,Golden_retriever
822244816520155136,Samoyed
822462944365645825,Pomeranian
822489057087389700,Samoyed
822610361945911296,Cocker_spaniel
822647212903690241,Samoyed
822859134160621569,Malinois
822872901745569793,Lakeland_terrier
822975315408461824,Pembroke
823269594223824897,Samoyed
823322678127919110,Chihuahua
823581115634085888,German_shepherd
823699002998870016,Cairn
823939628516474880,Schipperke
824325613288833024,Pembroke
824663926340194305,English_setter
824775126675836928,Border_terrier
825026590719483904,Eskimo_dog
825147591692263424,Pekinese
825535076884762624,Rottweiler
825829644528148480,Great_pyrenees
826115272272650244,Golden_retriever
826204788643753985,Labrador_retriever
826240494070030336,French_bulldog
826476773533745153,German_shepherd
826598365270007810,French_bulldog
826848821049180160,Great_pyrenees
826958653328592898,Golden_retriever
827199976799354881,Great_dane
827324948884643840,Golden_retriever
827600520311402496,Pembroke
827653905312006145,Collie
827933404142436356,German_shepherd
828011680017821696,American_staffordshire_terrier
828372645993398273,Malamute
828376505180889089,American_staffordshire_terrier
828381636999917570,Bedlington_terrier
828408677031882754,Weimaraner
828409743546925057,Toy_poodle
828650029636317184,Golden_retriever
828708714936930305,Mexican_hairless
828770345708580865,Chesapeake_bay_retriever
829011960981237760,Boxer
829141528400556032,Golden_retriever
829374341691346946,Staffordshire_bullterrier
829449946868879360,Labrador_retriever
829501995190984704,French_bulldog
829861396166877184,Border_terrier
829878982036299777,Golden_retriever
830097400375152640,Toy_poodle
830583320585068544,Labrador_retriever
830956169170665475,Kuvasz
831262627380748289,Cocker_spaniel
831309418084069378,Doberman
831315979191906304,Briard
831322785565769729,Old_english_sheepdog
831552930092285952,Chihuahua
831650051525054464,Eskimo_dog
831670449226514432,Pembroke
831911600680497154,Bloodhound
831939777352105988,Pomeranian
832032802820481025,Whippet
832040443403784192,Miniature_pinscher
832215726631055365,Afghan_hound
832273440279240704,Pembroke
832369877331693569,Kelpie
832397543355072512,Pekinese
832636094638288896,Eskimo_dog
832757312314028032,Cardigan
832998151111966721,Boxer
833124694597443584,Cardigan
833479644947025920,Golden_retriever
833722901757046785,West_highland_white_terrier
833826103416520705,Chihuahua
833863086058651648,Kuvasz
834086379323871233,Labrador_retriever
834209720923721728,Golden_retriever
834458053273591808,Rhodesian_ridgeback
834574053763584002,Golden_retriever
834786237630337024,Border_terrier
834931633769889797,Soft-coated_wheaten_terrier
835152434251116546,American_staffordshire_terrier
835172783151792128,Border_collie
835264098648616962,Chesapeake_bay_retriever
835297930240217089,Rottweiler
835574547218894849,Staffordshire_bullterrier
836001077879255040,Samoyed
836260088725786625,Borzoi
836753516572119041,Schipperke
836989968035819520,Toy_poodle
837110210464448512,Siberian_husky
837366284874571778,American_staffordshire_terrier
837471256429613056,Norwegian_elkhound
837820167694528512,Golden_retriever
838083903487373313,Chow
838476387338051585,Great_pyrenees
838561493054533637,Kelpie
838921590096166913,Border_terrier
839239871831150596,Leonberg
839549326359670784,Norwich_terrier
839990271299457024,Staffordshire_bullterrier
840268004936019968,Chesapeake_bay_retriever
840632337062862849,Golden_retriever
841077006473256960,Brittany_spaniel
841314665196081154,Afghan_hound
841439858740625411,Labrador_retriever
841680585030541313,Chihuahua
841833993020538882,Samoyed
842115215311396866,Chow
842163532590374912,French_bulldog
842535590457499648,Pembroke
842765311967449089,Labrador_retriever
842846295480000512,Labrador_retriever
842892208864923648,Chihuahua
843235543001513987,Pembroke
843604394117681152,Labrador_retriever
843856843873095681,Labrador_retriever
844223788422217728,Labrador_retriever
844704788403113984,Labrador_retriever
844973813909606400,Labrador_retriever
844979544864018432,Shetland_sheepdog
845306882940190720,Irish_water_spaniel
845397057150107648,Dandie_dinmont
845677943972139009,Chow
845812042753855489,Samoyed
846042936437604353,Golden_retriever
846153765933735936,Giant_schnauzer
846514051647705089,Golden_retriever
846874817362120707,Shetland_sheepdog
847116187444137987,American_staffordshire_terrier
847157206088847362,Staffordshire_bullterrier
847251039262605312,Airedale
847606175596138505,Cardigan
847842811428974592,Bernese_mountain_dog
848212111729840128,Bedlington_terrier
848324959059550208,Malamute
848690551926992896,Flat-coated_retriever
849412302885593088,Schipperke
849776966551130114,Chihuahua
850019790995546112,Shetland_sheepdog
850145622816686080,Kelpie
850380195714523136,Yorkshire_terrier
850753642995093505,Pug
851224888060895234,Standard_poodle
851591660324737024,Cardigan
851953902622658560,Staffordshire_bullterrier
852189679701164033,Bernese_mountain_dog
852553447878664193,Bloodhound
852672615818899456,Golden_retriever
852912242202992640,Great_dane
853639147608842240,German_shepherd
853760880890318849,Miniature_pinscher
854010172552949760,English_springer
854120357044912130,Black-and-tan_coonhound
854365224396361728,Pembroke
854482394044301312,Chihuahua
854732716440526848,Pembroke
855459453768019968,Blenheim_spaniel
855851453814013952,Flat-coated_retriever
856282028240666624,Chihuahua
856526610513747968,Old_english_sheepdog
856543823941562368,Boston_bull
857029823797047296,Golden_retriever
857263160327368704,Samoyed
857393404942143489,Malamute
857746408056729600,Labrador_retriever
857989990357356544,French_bulldog
858107933456039936,Golden_retriever
858471635011153920,Pembroke
858843525470990336,Golden_retriever
859196978902773760,Malamute
859607811541651456,Golden_retriever
859851578198683649,Labrador_retriever
859924526012018688,French_bulldog
860524505164394496,Bedlington_terrier
860563773140209665,Cardigan
861005113778896900,German_shepherd
861288531465048066,Bouvier_des_flandres
861383897657036800,Cardigan
861769973181624320,Cocker_spaniel
862096992088072192,Chow
862722525377298433,Basset
862831371563274240,Australian_terrier
863062471531167744,French_bulldog
863079547188785154,Lakeland_terrier
863432100342583297,Staffordshire_bullterrier
863553081350529029,Eskimo_dog
864197398364647424,Golden_retriever
864279568663928832,Bull_mastiff
865006731092295680,Pembroke
865359393868664832,Chesapeake_bay_retriever
865718153858494464,Golden_retriever
866334964761202691,Samoyed
866450705531457537,French_bulldog
866686824827068416,Flat-coated_retriever
867051520902168576,Samoyed
867072653475098625,Blenheim_spaniel
867421006826221569,Eskimo_dog
867774946302451713,Border_collie
867900495410671616,Labrador_retriever
868552278524837888,Whippet
868622495443632128,Labrador_retriever
868880397819494401,French_bulldog
869227993411051520,Pembroke
869596645499047938,Chihuahua
869702957897576449,Pembroke
869772420881756160,Pembroke
870308999962521604,Greater_swiss_mountain_dog
870374049280663552,Golden_retriever
870656317836468226,Pembroke
871032628920680449,Kelpie
871515927908634625,Komondor
871762521631449091,Labrador_retriever
871879754684805121,Shetland_sheepdog
872122724285648897,Pug
872261713294495745,Labrador_retriever
872486979161796608,Pembroke
872620804844003328,Cocker_spaniel
872820683541237760,Pug
872967104147763200,Labrador_retriever
873213775632977920,Vizsla
873580283840344065,Newfoundland
873697596434513921,French_bulldog
874012996292530176,Cardigan
874057562936811520,Flat-coated_retriever
874296783580663808,Cocker_spaniel
874680097055178752,Labrador_retriever
875021211251597312,West_highland_white_terrier
875144289856114688,Siberian_husky
875747767867523072,Labrador_retriever
876120275196170240,Bernese_mountain_dog
876484053909872640,Golden_retriever
876838120628539392,Bloodhound
877201837425926144,Pembroke
877316821321428993,Saluki
877556246731214848,Basset
877611172832227328,Irish_setter
877736472329191424,Chesapeake_bay_retriever
878057613040115712,French_bulldog
878281511006478336,Basset
878776093423087618,Italian_greyhound
879008229531029506,Vizsla
879376492567855104,Labrador_retriever
879415818425184262,English_springer
879492040517615616,German_short-haired_pointer
879862464715927552,Basset
880095782870896641,Miniature_pinscher
880221127280381952,Chihuahua
880465832366813184,Golden_retriever
880872448815771648,Pembroke
881536004380872706,Samoyed
881666595344535552,Saluki
881906580714921986,Weimaraner
882045870035918850,Golden_retriever
882268110199369728,Golden_retriever
882627270321602560,Pembroke
882762694511734784,Labrador_retriever
882992080364220416,Eskimo_dog
883117836046086144,Golden_retriever
883360690899218434,Chow
883482846933004288,Golden_retriever
883838122936631299,Doberman
884162670584377345,German_shepherd
884441805382717440,Pembroke
884562892145688576,Pug
884876753390489601,Chow
884925521741709313,Italian_greyhound
885167619883638784,Malamute
885311592912609280,Labrador_retriever
885528943205470208,Pug
885984800019947520,Blenheim_spaniel
886258384151887873,Pug
886366144734445568,French_bulldog
886736880519319552,Kuvasz
886983233522544640,Chihuahua
887101392804085760,Samoyed
887343217045368832,Mexican_hairless
887473957103951883,Pembroke
887705289381826560,Basset
888078434458587136,French_bulldog
888202515573088257,Pembroke
888554962724278272,Siberian_husky
888804989199671297,Golden_retriever
888917238123831296,Golden_retriever
889278841981685760,Whippet
889531135344209921,Golden_retriever
889638837579907072,French_bulldog
889665388333682689,Pembroke
889880896479866881,French_bulldog
890006608113172480,Samoyed
890240255349198849,Pembroke
890609185150312448,Irish_terrier
890729181411237888,Pomeranian
890971913173991426,Appenzeller
891087950875897856,Chesapeake_bay_retriever
891327558926688256,Basset
891689557279858688,Labrador_retriever
891815181378084864,Chihuahua
892177421306343426,Chihuahua
